[
    {
      "title": "Cristiano Ronaldo – a favorite of the 2026 World Cup",
      "date": "2025-06-01",
      "category": "Sports",
      "content": "Cristiano is training harder than ever. Could this be his last World Cup?",
      "views": 1320,
      "wordCount": 400,
      "image": "ronaldo.jpg"
    },
    {
      "title": "Benedict Cumberbatch to attend global gala",
      "date": "2025-06-02",
      "category": "Entertainment",
      "content": "Benedict returns to the red carpet with a surprise announcement.",
      "views": 880,
      "wordCount": 320,
      "image": "benedict.jpg"

    },
    {
      "title": "Tesla unveils a new electric model",
      "date": "2025-06-01",
      "category": "Auto",
      "content": "Tesla introduced its next-generation Roadster with insane range.",
      "views": 1500,
      "wordCount": 300,
      "image": "tesla.jpg"

    },
    {
      "title": "Fires in California: Trump responds",
      "date": "2025-06-03",
      "category": "Politics",
      "content": "Donald Trump blamed authorities in his response to the crisis.",
      "views": 1220,
      "wordCount": 290,
      "image": "fire.jpg"
    }
  ]